{
    "name": "root",
    "metadata": {
        "timer_format_version": "0.1.0",
        "start_time_seconds": "1772622867",
        "python_version": "3.8.20 (default, Oct  3 2024, 15:19:54) [MSC v.1929 64 bit (AMD64)]",
        "command_line_arguments": "C:\\Users\\fchry\\anaconda3\\envs\\mlagents38\\Scripts\\mlagents-learn ML-Agents\\config\\hoh_selfplay.yaml --run-id=hoh_run167199",
        "mlagents_version": "0.28.0",
        "mlagents_envs_version": "0.28.0",
        "communication_protocol_version": "1.5.0",
        "pytorch_version": "2.4.1+cpu",
        "numpy_version": "1.23.5",
        "end_time_seconds": "1772623066"
    },
    "total": 199.6619765,
    "count": 1,
    "self": 0.020653500000008762,
    "children": {
        "run_training.setup": {
            "total": 0.20710870000000003,
            "count": 1,
            "self": 0.20710870000000003
        },
        "TrainerController.start_learning": {
            "total": 199.4342143,
            "count": 1,
            "self": 0.25693350000022974,
            "children": {
                "TrainerController._reset_env": {
                    "total": 12.5621524,
                    "count": 1,
                    "self": 12.5621524
                },
                "TrainerController.advance": {
                    "total": 186.1227001999998,
                    "count": 7751,
                    "self": 0.21363119999958258,
                    "children": {
                        "env_step": {
                            "total": 184.18649659999994,
                            "count": 7751,
                            "self": 124.45665790000004,
                            "children": {
                                "SubprocessEnvManager._take_step": {
                                    "total": 59.57802260000055,
                                    "count": 7751,
                                    "self": 1.1169855000000766,
                                    "children": {
                                        "TorchPolicy.evaluate": {
                                            "total": 58.461037100000475,
                                            "count": 15502,
                                            "self": 6.129198999998643,
                                            "children": {
                                                "TorchPolicy.sample_actions": {
                                                    "total": 52.33183810000183,
                                                    "count": 15502,
                                                    "self": 52.33183810000183
                                                }
                                            }
                                        }
                                    }
                                },
                                "workers": {
                                    "total": 0.15181609999934764,
                                    "count": 7750,
                                    "self": 0.0,
                                    "children": {
                                        "worker_root": {
                                            "total": 123.29431189999954,
                                            "count": 7750,
                                            "is_parallel": true,
                                            "self": 78.5770545999998,
                                            "children": {
                                                "steps_from_proto": {
                                                    "total": 0.005454900000000151,
                                                    "count": 2,
                                                    "is_parallel": true,
                                                    "self": 0.001145999999998537,
                                                    "children": {
                                                        "_process_rank_one_or_two_observation": {
                                                            "total": 0.004308900000001614,
                                                            "count": 4,
                                                            "is_parallel": true,
                                                            "self": 0.004308900000001614
                                                        }
                                                    }
                                                },
                                                "UnityEnvironment.step": {
                                                    "total": 44.71180239999974,
                                                    "count": 7750,
                                                    "is_parallel": true,
                                                    "self": 1.115546500001912,
                                                    "children": {
                                                        "UnityEnvironment._generate_step_input": {
                                                            "total": 1.129573699999714,
                                                            "count": 7750,
                                                            "is_parallel": true,
                                                            "self": 1.129573699999714
                                                        },
                                                        "communicator.exchange": {
                                                            "total": 37.18367239999947,
                                                            "count": 7750,
                                                            "is_parallel": true,
                                                            "self": 37.18367239999947
                                                        },
                                                        "steps_from_proto": {
                                                            "total": 5.283009799998641,
                                                            "count": 15500,
                                                            "is_parallel": true,
                                                            "self": 3.7688567999980194,
                                                            "children": {
                                                                "_process_rank_one_or_two_observation": {
                                                                    "total": 1.514153000000622,
                                                                    "count": 31000,
                                                                    "is_parallel": true,
                                                                    "self": 1.514153000000622
                                                                }
                                                            }
                                                        }
                                                    }
                                                }
                                            }
                                        }
                                    }
                                }
                            }
                        },
                        "trainer_advance": {
                            "total": 1.7225724000002884,
                            "count": 7750,
                            "self": 0.7336597000000253,
                            "children": {
                                "process_trajectory": {
                                    "total": 0.9889127000002631,
                                    "count": 7750,
                                    "self": 0.9889127000002631
                                }
                            }
                        }
                    }
                },