{"count":1,"self":23.2948992,"total":125.0817051,"children":{"InitializeActuators":{"count":2,"self":0.0025203,"total":0.0025203,"children":null},"InitializeSensors":{"count":2,"self":0.0015069999999999999,"total":0.0015069999999999999,"children":null},"AgentSendState":{"count":7767,"self":0.0899879,"total":0.6445207,"children":{"CollectObservations":{"count":15534,"self":0.11027469999999999,"total":0.11027469999999999,"children":null},"WriteActionMask":{"count":15534,"self":0.027924599999999997,"total":0.027924599999999997,"children":null},"RequestDecision":{"count":15534,"self":0.0625814,"total":0.41633349999999997,"children":{"AgentInfo.ToProto":{"count":15534,"self":0.1082177,"total":0.35375209999999996,"children":{"GenerateSensorData":{"count":15534,"self":0.24553439999999999,"total":0.24553439999999999,"children":null}}}}}}},"DecideAction":{"count":7767,"self":101.01358719999999,"total":101.01358859999999,"children":null},"AgentAct":{"count":7767,"self":0.1227109,"total":0.1227109,"children":null},"AgentInfo.ToProto":{"count":8,"self":0.000992,"total":0.000992,"children":{"GenerateSensorData":{"count":8,"self":0,"total":0,"children":null}}}},"gauges":{"Fighter.CumulativeReward":{"count":8,"max":1249.19543,"min":-1201.77173,"runningAverage":26.9086876,"value":817.3172,"weightedAverage":102.487686}},"metadata":{"timer_format_version":"0.1.0","start_time_seconds":"1772622876","unity_version":"2022.3.24f1","command_line_arguments":"C:\\Program Files\\Unity\\Hub\\Editor\\2022.3.24f1\\Editor\\Unity.exe -projectpath C:\\Users\\fchry\\Documents\\GitHub\\Head-of-Hell\\Head-of-Hell -acceptSoftwareTermsForThisRunOnly -useHub -hubIPC -cloudEnvironment production -licensingIpc LicenseClient-fchry -hubSessionId b0d07a6d-5291-4d57-9667-31371161a075 -accessToken ZGF5gaFBMSjb2F1by82J64vDb_FOz2tDq2okyjCRYs0012f","communication_protocol_version":"1.5.0","com.unity.ml-agents_version":"2.0.2","scene_name":"Training","end_time_seconds":"1772623001"}}