{
    "name": "root",
    "metadata": {
        "timer_format_version": "0.1.0",
        "start_time_seconds": "1762432127",
        "python_version": "3.8.20 (default, Oct  3 2024, 15:19:54) [MSC v.1929 64 bit (AMD64)]",
        "command_line_arguments": "C:\\Users\\fchry\\anaconda3\\envs\\mlagents38\\Scripts\\mlagents-learn ML-Agents\\config\\hoh_selfplay.yaml --run-id=hoh_run9",
        "mlagents_version": "0.28.0",
        "mlagents_envs_version": "0.28.0",
        "communication_protocol_version": "1.5.0",
        "pytorch_version": "2.4.1+cpu",
        "numpy_version": "1.23.5",
        "end_time_seconds": "1762432146"
    },
    "total": 19.0522596,
    "count": 1,
    "self": 0.004402499999997644,
    "children": {
        "run_training.setup": {
            "total": 0.09791079999999974,
            "count": 1,
            "self": 0.09791079999999974
        },
        "TrainerController.start_learning": {
            "total": 18.9499463,
            "count": 1,
            "self": 0.015486000000002775,
            "children": {
                "TrainerController._reset_env": {
                    "total": 10.0741093,
                    "count": 1,
                    "self": 10.0741093
                },
                "TrainerController.advance": {
                    "total": 8.733893700000003,
                    "count": 388,
                    "self": 0.012002999999985775,
                    "children": {
                        "env_step": {
                            "total": 8.63413830000003,
                            "count": 388,
                            "self": 5.501947100000081,
                            "children": {
                                "SubprocessEnvManager._take_step": {
                                    "total": 3.1238183999999762,
                                    "count": 388,
                                    "self": 0.06582809999999206,
                                    "children": {
                                        "TorchPolicy.evaluate": {
                                            "total": 3.057990299999984,
                                            "count": 776,
                                            "self": 0.33477209999993995,
                                            "children": {
                                                "TorchPolicy.sample_actions": {
                                                    "total": 2.723218200000044,
                                                    "count": 776,
                                                    "self": 2.723218200000044
                                                }
                                            }
                                        }
                                    }
                                },
                                "workers": {
                                    "total": 0.008372799999973424,
                                    "count": 387,
                                    "self": 0.0,
                                    "children": {
                                        "worker_root": {
                                            "total": 8.786581900000014,
                                            "count": 387,
                                            "is_parallel": true,
                                            "self": 5.5392237000000275,
                                            "children": {
                                                "steps_from_proto": {
                                                    "total": 0.0028196999999998695,
                                                    "count": 2,
                                                    "is_parallel": true,
                                                    "self": 0.001870499999998998,
                                                    "children": {
                                                        "_process_rank_one_or_two_observation": {
                                                            "total": 0.0009492000000008716,
                                                            "count": 4,
                                                            "is_parallel": true,
                                                            "self": 0.0009492000000008716
                                                        }
                                                    }
                                                },
                                                "UnityEnvironment.step": {
                                                    "total": 3.2445384999999867,
                                                    "count": 387,
                                                    "is_parallel": true,
                                                    "self": 0.05731419999999687,
                                                    "children": {
                                                        "UnityEnvironment._generate_step_input": {
                                                            "total": 0.06235449999998188,
                                                            "count": 387,
                                                            "is_parallel": true,
                                                            "self": 0.06235449999998188
                                                        },
                                                        "communicator.exchange": {
                                                            "total": 2.893645299999994,
                                                            "count": 387,
                                                            "is_parallel": true,
                                                            "self": 2.893645299999994
                                                        },
                                                        "steps_from_proto": {
                                                            "total": 0.23122450000001393,
                                                            "count": 774,
                                                            "is_parallel": true,
                                                            "self": 0.15912370000001452,
                                                            "children": {
                                                                "_process_rank_one_or_two_observation": {
                                                                    "total": 0.07210079999999941,
                                                                    "count": 1548,
                                                                    "is_parallel": true,
                                                                    "self": 0.07210079999999941
                                                                }
                                                            }
                                                        }
                                                    }
                                                }
                                            }
                                        }
                                    }
                                }
                            }
                        },
                        "trainer_advance": {
                            "total": 0.08775239999998696,
                            "count": 387,
                            "self": 0.04183599999998222,
                            "children": {
                                "process_trajectory": {
                                    "total": 0.04591640000000474,
                                    "count": 387,
                                    "self": 0.04591640000000474
                                }
                            }
                        }
                    }
                },